Image Id,defaultImage,Image Url
84,TRUE,/products/images/084.jpg
85,TRUE,/products/images/085.jpg
86,TRUE,/products/images/086.jpg
87,TRUE,/products/images/087.jpg
88,TRUE,/products/images/088.jpg
89,TRUE,/products/images/089.jpg
90,TRUE,/products/images/090.jpg
91,TRUE,/products/images/091.jpg
58,TRUE,/products/images/058.jpg
108,TRUE,/products/images/108.jpg
109,TRUE,/products/images/109.jpg
110,TRUE,/products/images/110.jpg
111,TRUE,/products/images/111.jpg
112,TRUE,/products/images/112.jpg
113,TRUE,/products/images/113.jpg
116,TRUE,/products/images/116.jpg
123,TRUE,/products/images/123.jpg
124,TRUE,/products/images/124.jpg
125,TRUE,/products/images/125.jpg
130,TRUE,/products/images/130.jpg
131,TRUE,/products/images/131.jpg
132,TRUE,/products/images/132.jpg
132,TRUE,/products/images/132.jpg
132,TRUE,/products/images/132.jpg
132,TRUE,/products/images/132.jpg
133,TRUE,/products/images/133.jpg
133,TRUE,/products/images/133.jpg
133,TRUE,/products/images/133.jpg
133,TRUE,/products/images/133.jpg
133,TRUE,/products/images/133.jpg
133,TRUE,/products/images/133.jpg
133,TRUE,/products/images/133.jpg
133,TRUE,/products/images/133.jpg
133,TRUE,/products/images/133.jpg
139,TRUE,/products/images/139.jpg
139,TRUE,/products/images/139.jpg
139,TRUE,/products/images/139.jpg
139,TRUE,/products/images/139.jpg
139,TRUE,/products/images/139.jpg
143,TRUE,/products/images/143.jpg
143,TRUE,/products/images/143.jpg
143,TRUE,/products/images/143.jpg
147,TRUE,/products/images/147.jpg
148,TRUE,/products/images/148.jpg
149,TRUE,/products/images/149.jpg
154,TRUE,/products/images/154.jpg
154,TRUE,/products/images/154.jpg
155,TRUE,/products/images/155.jpg
156,TRUE,/products/images/156.jpg
156,TRUE,/products/images/156.jpg
156,TRUE,/products/images/156.jpg
156,TRUE,/products/images/156.jpg
157,TRUE,/products/images/157.jpg
157,TRUE,/products/images/157.jpg
159,TRUE,/products/images/159.jpg
161,TRUE,/products/images/161.jpg
166,TRUE,/products/images/166.jpg
166,TRUE,/products/images/166.jpg
168,TRUE,/products/images/168.jpg
180,TRUE,/products/images/180.jpg
181,TRUE,/products/images/181.jpg
181,TRUE,/products/images/181.jpg
183,TRUE,/products/images/183.jpg
184,TRUE,/products/images/184.jpg
186,TRUE,/products/images/186.jpg
187,TRUE,/products/images/187.jpg
187,TRUE,/products/images/187.jpg
68,TRUE,/products/images/068.jpg
71,TRUE,/products/images/071.jpg
96,TRUE,/products/images/096.jpg
96,TRUE,/products/images/096.jpg
114,TRUE,/products/images/114.jpg
114,TRUE,/products/images/114.jpg
115,TRUE,/products/images/115.jpg
117,TRUE,/products/images/117.jpg
121,TRUE,/products/images/121.jpg
122,TRUE,/products/images/122.jpg
126,TRUE,/products/images/126.jpg
127,TRUE,/products/images/127.jpg
127,TRUE,/products/images/127.jpg
127,TRUE,/products/images/127.jpg
127,TRUE,/products/images/127.jpg
127,TRUE,/products/images/127.jpg
129,TRUE,/products/images/129.jpg
132,TRUE,/products/images/132.jpg
132,TRUE,/products/images/132.jpg
132,TRUE,/products/images/132.jpg
132,TRUE,/products/images/132.jpg
132,TRUE,/products/images/132.jpg
132,TRUE,/products/images/132.jpg
132,TRUE,/products/images/132.jpg
132,TRUE,/products/images/132.jpg
132,TRUE,/products/images/132.jpg
132,TRUE,/products/images/132.jpg
132,TRUE,/products/images/132.jpg
132,TRUE,/products/images/132.jpg
132,TRUE,/products/images/132.jpg
133,TRUE,/products/images/133.jpg
133,TRUE,/products/images/133.jpg
133,TRUE,/products/images/133.jpg
133,TRUE,/products/images/133.jpg
133,TRUE,/products/images/133.jpg
133,TRUE,/products/images/133.jpg
134,TRUE,/products/images/134.jpg
134,TRUE,/products/images/134.jpg
134,TRUE,/products/images/134.jpg
134,TRUE,/products/images/134.jpg
134,TRUE,/products/images/134.jpg
135,TRUE,/products/images/135.jpg
135,TRUE,/products/images/135.jpg
135,TRUE,/products/images/135.jpg
135,TRUE,/products/images/135.jpg
135,TRUE,/products/images/135.jpg
135,TRUE,/products/images/135.jpg
135,TRUE,/products/images/135.jpg
135,TRUE,/products/images/135.jpg
135,TRUE,/products/images/135.jpg
136,TRUE,/products/images/136.jpg
137,TRUE,/products/images/137.jpg
139,TRUE,/products/images/139.jpg
140,TRUE,/products/images/140.jpg
141,TRUE,/products/images/141.jpg
142,TRUE,/products/images/142.jpg
144,TRUE,/products/images/144.jpg
145,TRUE,/products/images/145.jpg
145,TRUE,/products/images/145.jpg
146,TRUE,/products/images/146.jpg
151,TRUE,/products/images/151.jpg
152,TRUE,/products/images/152.jpg
153,TRUE,/products/images/153.jpg
157,TRUE,/products/images/157.jpg
157,TRUE,/products/images/157.jpg
160,TRUE,/products/images/160.jpg
162,TRUE,/products/images/162.jpg
163,TRUE,/products/images/163.jpg
164,TRUE,/products/images/164.jpg
164,TRUE,/products/images/164.jpg
164,TRUE,/products/images/164.jpg
164,TRUE,/products/images/164.jpg
169,TRUE,/products/images/169.jpg
170,TRUE,/products/images/170.jpg
170,TRUE,/products/images/170.jpg
171,TRUE,/products/images/171.jpg
171,TRUE,/products/images/171.jpg
171,TRUE,/products/images/171.jpg
171,TRUE,/products/images/171.jpg
172,TRUE,/products/images/172.jpg
173,TRUE,/products/images/173.jpg
178,TRUE,/products/images/178.jpg
179,TRUE,/products/images/179.jpg
185,TRUE,/products/images/185.jpg
1,TRUE,/products/images/001.jpg
2,TRUE,/products/images/002.jpg
3,TRUE,/products/images/003.jpg
4,TRUE,/products/images/004.jpg
5,TRUE,/products/images/005.jpg
6,TRUE,/products/images/006.jpg
12,TRUE,/products/images/012.jpg
13,TRUE,/products/images/013.jpg
14,TRUE,/products/images/014.jpg
20,TRUE,/products/images/020.jpg
20,TRUE,/products/images/020.jpg
21,TRUE,/products/images/021.jpg
23,TRUE,/products/images/023.jpg
24,TRUE,/products/images/024.jpg
25,TRUE,/products/images/025.jpg
26,TRUE,/products/images/026.jpg
33,TRUE,/products/images/033.jpg
36,TRUE,/products/images/036.jpg
36,TRUE,/products/images/036.jpg
37,TRUE,/products/images/037.jpg
38,TRUE,/products/images/038.jpg
39,TRUE,/products/images/039.jpg
39,TRUE,/products/images/039.jpg
43,TRUE,/products/images/043.jpg
44,TRUE,/products/images/044.jpg
45,TRUE,/products/images/045.jpg
45,TRUE,/products/images/045.jpg
45,TRUE,/products/images/045.jpg
46,TRUE,/products/images/046.jpg
48,TRUE,/products/images/048.jpg
50,TRUE,/products/images/050.jpg
52,TRUE,/products/images/052.jpg
52,TRUE,/products/images/052.jpg
53,TRUE,/products/images/053.jpg
54,TRUE,/products/images/054.jpg
54,TRUE,/products/images/054.jpg
54,TRUE,/products/images/054.jpg
54,TRUE,/products/images/054.jpg
54,TRUE,/products/images/054.jpg
54,TRUE,/products/images/054.jpg
55,TRUE,/products/images/055.jpg
56,TRUE,/products/images/056.jpg
57,TRUE,/products/images/057.jpg
58,TRUE,/products/images/058.jpg
73,TRUE,/products/images/073.jpg
67,TRUE,/products/images/067.jpg
68,TRUE,/products/images/068.jpg
69,TRUE,/products/images/069.jpg
70,TRUE,/products/images/070.jpg
71,TRUE,/products/images/071.jpg
71,TRUE,/products/images/071.jpg
74,TRUE,/products/images/074.jpg
75,TRUE,/products/images/075.jpg
77,TRUE,/products/images/077.jpg
78,TRUE,/products/images/078.jpg
79,TRUE,/products/images/079.jpg
80,TRUE,/products/images/080.jpg
82,TRUE,/products/images/082.jpg
83,TRUE,/products/images/083.jpg
93,TRUE,/products/images/093.jpg
94,TRUE,/products/images/094.jpg
97,TRUE,/products/images/097.jpg
98,TRUE,/products/images/098.jpg
99,TRUE,/products/images/099.jpg
101,TRUE,/products/images/101.jpg
102,TRUE,/products/images/102.jpg
103,TRUE,/products/images/103.jpg
104,TRUE,/products/images/104.jpg
105,TRUE,/products/images/105.jpg
106,TRUE,/products/images/106.jpg
107,TRUE,/products/images/107.jpg
118,TRUE,/products/images/118.jpg
118,TRUE,/products/images/118.jpg
118,TRUE,/products/images/118.jpg
118,TRUE,/products/images/118.jpg
120,TRUE,/products/images/120.jpg
120,TRUE,/products/images/120.jpg
120,TRUE,/products/images/120.jpg
120,TRUE,/products/images/120.jpg
120,TRUE,/products/images/120.jpg
120,TRUE,/products/images/120.jpg
120,TRUE,/products/images/120.jpg
120,TRUE,/products/images/120.jpg
120,TRUE,/products/images/120.jpg
120,TRUE,/products/images/120.jpg
120,TRUE,/products/images/120.jpg
120,TRUE,/products/images/120.jpg
120,TRUE,/products/images/120.jpg
120,TRUE,/products/images/120.jpg
120,TRUE,/products/images/120.jpg
120,TRUE,/products/images/120.jpg
120,TRUE,/products/images/120.jpg
120,TRUE,/products/images/120.jpg
128,TRUE,/products/images/128.jpg
128,TRUE,/products/images/128.jpg
128,TRUE,/products/images/128.jpg
128,TRUE,/products/images/128.jpg
134,TRUE,/products/images/134.jpg
134,TRUE,/products/images/134.jpg
164,TRUE,/products/images/164.jpg
167,TRUE,/products/images/167.jpg
167,TRUE,/products/images/167.jpg
174,TRUE,/products/images/174.jpg
182,TRUE,/products/images/182.jpg
182,TRUE,/products/images/182.jpg
16,TRUE,/products/images/016.jpg
17,TRUE,/products/images/017.jpg
18,TRUE,/products/images/018.jpg
19,TRUE,/products/images/019.jpg
22,TRUE,/products/images/022.jpg
32,TRUE,/products/images/032.jpg
92,TRUE,/products/images/092.jpg
150,TRUE,/products/images/150.jpg
150,TRUE,/products/images/150.jpg
177,TRUE,/products/images/177.jpg
182,TRUE,/products/images/182.jpg
182,TRUE,/products/images/182.jpg
182,TRUE,/products/images/182.jpg
182,TRUE,/products/images/182.jpg
7,TRUE,/products/images/007.jpg
8,TRUE,/products/images/008.jpg
9,TRUE,/products/images/009.jpg
10,TRUE,/products/images/010.jpg
11,TRUE,/products/images/011.jpg
15,TRUE,/products/images/015.jpg
27,TRUE,/products/images/027.jpg
28,TRUE,/products/images/028.jpg
29,TRUE,/products/images/029.jpg
30,TRUE,/products/images/030.jpg
31,TRUE,/products/images/031.jpg
34,TRUE,/products/images/034.jpg
35,TRUE,/products/images/035.jpg
36,TRUE,/products/images/036.jpg
40,TRUE,/products/images/040.jpg
40,TRUE,/products/images/040.jpg
41,TRUE,/products/images/041.jpg
42,TRUE,/products/images/042.jpg
45,TRUE,/products/images/045.jpg
45,TRUE,/products/images/045.jpg
45,TRUE,/products/images/045.jpg
47,TRUE,/products/images/047.jpg
47,TRUE,/products/images/047.jpg
47,TRUE,/products/images/047.jpg
49,TRUE,/products/images/049.jpg
49,TRUE,/products/images/049.jpg
49,TRUE,/products/images/049.jpg
49,TRUE,/products/images/049.jpg
49,TRUE,/products/images/049.jpg
49,TRUE,/products/images/049.jpg
49,TRUE,/products/images/049.jpg
49,TRUE,/products/images/049.jpg
49,TRUE,/products/images/049.jpg
49,TRUE,/products/images/049.jpg
51,TRUE,/products/images/051.jpg
52,TRUE,/products/images/052.jpg
59,TRUE,/products/images/059.jpg
60,TRUE,/products/images/060.jpg
61,TRUE,/products/images/061.jpg
62,TRUE,/products/images/062.jpg
63,TRUE,/products/images/063.jpg
64,TRUE,/products/images/064.jpg
65,TRUE,/products/images/065.jpg
71,TRUE,/products/images/071.jpg
71,TRUE,/products/images/071.jpg
73,TRUE,/products/images/073.jpg
76,TRUE,/products/images/076.jpg
81,TRUE,/products/images/081.jpg
95,TRUE,/products/images/095.jpg
100,TRUE,/products/images/100.jpg
118,TRUE,/products/images/118.jpg
118,TRUE,/products/images/118.jpg
118,TRUE,/products/images/118.jpg
119,TRUE,/products/images/119.jpg
119,TRUE,/products/images/119.jpg
119,TRUE,/products/images/119.jpg
119,TRUE,/products/images/119.jpg
119,TRUE,/products/images/119.jpg
119,TRUE,/products/images/119.jpg
119,TRUE,/products/images/119.jpg
119,TRUE,/products/images/119.jpg
119,TRUE,/products/images/119.jpg
119,TRUE,/products/images/119.jpg
119,TRUE,/products/images/119.jpg
119,TRUE,/products/images/119.jpg
119,TRUE,/products/images/119.jpg
119,TRUE,/products/images/119.jpg
119,TRUE,/products/images/119.jpg
119,TRUE,/products/images/119.jpg
120,TRUE,/products/images/120.jpg
120,TRUE,/products/images/120.jpg
120,TRUE,/products/images/120.jpg
120,TRUE,/products/images/120.jpg
120,TRUE,/products/images/120.jpg
120,TRUE,/products/images/120.jpg
138,TRUE,/products/images/138.jpg
138,TRUE,/products/images/138.jpg
138,TRUE,/products/images/138.jpg
158,TRUE,/products/images/158.jpg
175,TRUE,/products/images/175.jpg
175,TRUE,/products/images/175.jpg
175,TRUE,/products/images/175.jpg
175,TRUE,/products/images/175.jpg
176,TRUE,/products/images/176.jpg
